USER_ID,Number_Of_Surveys
user_3244,4
user_2184,4
user_2359,4
user_2355,4
user_533,4
user_2077,4
user_2900,3
user_3100,3
user_3202,3
user_3174,3
user_4381,3
user_4671,3
user_786,3
user_814,3
user_961,3
user_1223,3
user_875,3
user_959,3
user_1071,3
user_4857,3
user_4880,3
user_5086,3
user_5146,3
user_5426,3
user_1463,3
user_1468,3
user_1741,3
user_1876,3
user_1942,3
user_1947,3
user_1753,3
user_1956,3
user_2049,3
user_2078,3
user_2148,3
user_2125,3
user_540,3
user_579,3
user_598,3
user_659,3
user_3588,3
user_1422,3
user_3693,3
user_4046,3
user_3874,3
user_4115,3
user_4199,3
user_2513,3
user_2677,3
user_2605,3
user_2600,3
user_2757,3
user_4673,3
user_1529,3
user_389,3
user_1977,3
user_555,3
user_609,3
user_567,3
user_818,3
user_890,3
user_941,3
user_1180,3
user_1085,3
user_1186,3
user_3219,3
user_3579,3
user_5299,3
user_3687,3
user_3937,3
user_3968,3
user_3981,3
user_4062,3
user_4184,3
user_2386,3
user_2312,3
user_2475,3
user_2590,3
user_2834,3
user_1739,3
user_1868,3
user_45,3
user_51,3
user_67,3
user_1961,3
user_2069,3
user_2106,3
user_3522,3
user_1313,3
user_3622,3
user_3818,3
user_4329,3
user_2199,3
user_2422,3
user_2863,3
user_4750,3
user_1564,3
user_1731,3
user_597,3
user_561,3
user_853,3
user_3556,3
user_3744,3
user_3857,3
user_2318,3
user_2395,3
user_2544,3
user_1777,3
user_160,3
user_260,3
user_1373,3
user_3658,3
user_4252,3
user_4203,3
user_2846,3
user_1723,3
user_337,3
user_1093,3
user_3265,3
user_3860,3
user_3944,3
user_2990,2
user_2918,2
user_2925,2
user_2989,2
user_3009,2
user_3026,2
user_3038,2
user_3049,2
user_3121,2
user_3155,2
user_3159,2
user_3093,2
user_3292,2
user_3083,2
user_3156,2
user_3183,2
user_3279,2
user_3319,2
user_4354,2
user_4418,2
user_4378,2
user_4566,2
user_4571,2
user_4580,2
user_4665,2
user_4771,2
user_4455,2
user_4498,2
user_4512,2
user_4543,2
user_4642,2
user_4766,2
user_4820,2
user_712,2
user_731,2
user_764,2
user_772,2
user_789,2
user_812,2
user_960,2
user_975,2
user_800,2
user_839,2
user_914,2
user_1050,2
user_4629,2
user_4980,2
user_4991,2
user_5016,2
user_5052,2
user_5199,2
user_5090,2
user_5197,2
user_5255,2
user_5471,2
user_5488,2
user_5301,2
user_5308,2
user_5321,2
user_5324,2
user_5327,2
user_5338,2
user_5399,2
user_5446,2
user_5451,2
user_5498,2
user_1450,2
user_1515,2
user_1550,2
user_1549,2
user_1575,2
user_1729,2
user_1836,2
user_1851,2
user_1891,2
user_1930,2
user_1949,2
user_1973,2
user_1626,2
user_1649,2
user_1722,2
user_1767,2
user_1787,2
user_1826,2
user_1898,2
user_8,2
user_22,2
user_72,2
user_78,2
user_107,2
user_110,2
user_136,2
user_182,2
user_406,2
user_1916,2
user_1918,2
user_1952,2
user_1997,2
user_2012,2
user_2040,2
user_2083,2
user_2133,2
user_2143,2
user_2153,2
user_437,2
user_439,2
user_443,2
user_527,2
user_537,2
user_543,2
user_558,2
user_585,2
user_603,2
user_634,2
user_635,2
user_649,2
user_693,2
user_710,2
user_697,2
user_3406,2
user_3084,2
user_3372,2
user_3427,2
user_3428,2
user_3439,2
user_3463,2
user_3470,2
user_3524,2
user_3525,2
user_3550,2
user_3553,2
user_3563,2
user_3572,2
user_1208,2
user_1228,2
user_1265,2
user_1277,2
user_1279,2
user_1284,2
user_1300,2
user_1310,2
user_1312,2
user_1314,2
user_1318,2
user_1392,2
user_1409,2
user_3614,2
user_3589,2
user_1289,2
user_1341,2
user_5373,2
user_4943,2
user_4963,2
user_4988,2
user_3641,2
user_3636,2
user_3675,2
user_3683,2
user_3698,2
user_3780,2
user_3765,2
user_3794,2
user_3816,2
user_3832,2
user_3833,2
user_3880,2
user_3955,2
user_3972,2
user_3993,2
user_3837,2
user_4031,2
user_4014,2
user_3901,2
user_4129,2
user_4186,2
user_4207,2
user_4216,2
user_4272,2
user_4280,2
user_4290,2
user_2195,2
user_2213,2
user_2230,2
user_2270,2
user_2279,2
user_2374,2
user_2382,2
user_2400,2
user_2414,2
user_2443,2
user_2484,2
user_2649,2
user_2302,2
user_2360,2
user_2540,2
user_2595,2
user_2627,2
user_2645,2
user_2680,2
user_2751,2
user_2795,2
user_2811,2
user_2867,2
user_2720,2
user_2800,2
user_4361,2
user_4367,2
user_4341,2
user_4397,2
user_4388,2
user_4467,2
user_4488,2
user_4500,2
user_4569,2
user_4815,2
user_4838,2
user_4649,2
user_4677,2
user_4736,2
user_4770,2
user_4777,2
user_1466,2
user_1520,2
user_1522,2
user_1701,2
user_1717,2
user_1582,2
user_1665,2
user_1603,2
user_1829,2
user_1848,2
user_1927,2
user_1693,2
user_1816,2
user_1878,2
user_1880,2
user_4,2
user_52,2
user_79,2
user_155,2
user_65,2
user_70,2
user_177,2
user_191,2
user_240,2
user_290,2
user_474,2
user_230,2
user_253,2
user_255,2
user_281,2
user_311,2
user_371,2
user_378,2
user_380,2
user_1979,2
user_2009,2
user_2080,2
user_2079,2
user_486,2
user_515,2
user_352,2
user_413,2
user_593,2
user_619,2
user_683,2
user_645,2
user_687,2
user_728,2
user_742,2
user_799,2
user_768,2
user_871,2
user_948,2
user_2937,2
user_874,2
user_933,2
user_988,2
user_1007,2
user_1021,2
user_1048,2
user_1234,2
user_886,2
user_1060,2
user_1112,2
user_1128,2
user_1150,2
user_1173,2
user_1176,2
user_3117,2
user_3137,2
user_3270,2
user_3316,2
user_3338,2
user_3145,2
user_3306,2
user_3361,2
user_3417,2
user_3527,2
user_1074,2
user_1164,2
user_1077,2
user_1257,2
user_1319,2
user_1351,2
user_3594,2
user_3611,2
user_1395,2
user_1401,2
user_1423,2
user_1438,2
user_1308,2
user_1414,2
user_1424,2
user_5104,2
user_5129,2
user_5245,2
user_5256,2
user_5258,2
user_5266,2
user_5584,2
user_5214,2
user_4561,2
user_4705,2
user_4780,2
user_4872,2
user_4895,2
user_4967,2
user_5251,2
user_5463,2
user_5634,2
user_3783,2
user_3739,2
user_3763,2
user_3773,2
user_3841,2
user_3926,2
user_3932,2
user_3942,2
user_4119,2
user_3704,2
user_3886,2
user_3889,2
user_4282,2
user_4288,2
user_4305,2
user_4321,2
user_2206,2
user_2231,2
user_2232,2
user_2373,2
user_2245,2
user_2269,2
user_2354,2
user_2366,2
user_2375,2
user_2480,2
user_2510,2
user_2511,2
user_2564,2
user_2597,2
user_2647,2
user_2271,2
user_2481,2
user_2495,2
user_2621,2
user_2628,2
user_2574,2
user_2705,2
user_2715,2
user_2726,2
user_2735,2
user_2736,2
user_2749,2
user_2761,2
user_2765,2
user_4343,2
user_4422,2
user_4533,2
user_4511,2
user_4687,2
user_1610,2
user_1635,2
user_1659,2
user_1716,2
user_1738,2
user_1904,2
user_61,2
user_54,2
user_120,2
user_246,2
user_266,2
user_366,2
user_379,2
user_382,2
user_200,2
user_268,2
user_383,2
user_405,2
user_414,2
user_1911,2
user_2000,2
user_2006,2
user_2015,2
user_2033,2
user_2037,2
user_2042,2
user_2045,2
user_2135,2
user_2175,2
user_407,2
user_523,2
user_528,2
user_600,2
user_618,2
user_668,2
user_676,2
user_678,2
user_691,2
user_692,2
user_698,2
user_713,2
user_757,2
user_794,2
user_823,2
user_879,2
user_1036,2
user_1047,2
user_899,2
user_913,2
user_1038,2
user_1151,2
user_2986,2
user_3027,2
user_3053,2
user_3076,2
user_3087,2
user_3143,2
user_3184,2
user_3330,2
user_3006,2
user_3141,2
user_3224,2
user_3298,2
user_3356,2
user_3222,2
user_3371,2
user_3431,2
user_3433,2
user_3447,2
user_3484,2
user_3537,2
user_3540,2
user_1158,2
user_1216,2
user_1233,2
user_1006,2
user_1188,2
user_3566,2
user_3571,2
user_1430,2
user_1446,2
user_5073,2
user_5078,2
user_5111,2
user_5135,2
user_5138,2
user_5224,2
user_5225,2
user_5238,2
user_5280,2
user_5386,2
user_5425,2
user_4801,2
user_4883,2
user_4896,2
user_4975,2
user_4987,2
user_5227,2
user_5478,2
user_5022,2
user_3644,2
user_3753,2
user_3792,2
user_3815,2
user_3835,2
user_3843,2
user_3855,2
user_3896,2
user_3935,2
user_4124,2
user_3719,2
user_3834,2
user_3836,2
user_3870,2
user_3895,2
user_4039,2
user_4058,2
user_4071,2
user_4087,2
user_4175,2
user_4286,2
user_4303,2
user_2190,2
user_2186,2
user_2234,2
user_2343,2
user_2455,2
user_2526,2
user_2527,2
user_2567,2
user_2306,2
user_2350,2
user_2424,2
user_2467,2
user_2504,2
user_2579,2
user_2613,2
user_2717,2
user_2799,2
user_2822,2
user_4339,2
user_4360,2
user_4374,2
user_4436,2
user_4462,2
user_4453,2
user_4479,2
user_4538,2
user_4581,2
user_4607,2
user_4652,2
user_4404,2
user_1643,2
user_1879,2
user_1950,2
user_1813,2
user_1887,2
user_16,2
user_20,2
user_33,2
user_81,2
user_227,2
user_324,2
user_270,2
user_293,2
user_351,2
user_365,2
user_410,2
user_1994,2
user_2032,2
user_449,2
user_251,2
user_551,2
user_557,2
user_559,2
user_563,2
user_623,2
user_633,2
user_682,2
user_749,2
user_949,2
user_2930,2
user_2980,2
user_844,2
user_888,2
user_1008,2
user_1023,2
user_3033,2
user_3035,2
user_3039,2
user_3081,2
user_3164,2
user_3212,2
user_1040,2
user_3310,2
user_3326,2
user_3112,2
user_1041,2
user_3218,2
user_3250,2
user_3268,2
user_3291,2
user_3227,2
user_3441,2
user_3551,2
user_3591,2
user_1175,2
user_1293,2
user_1405,2
user_1418,2
user_1432,2
user_5069,2
user_5109,2
user_5176,2
user_5310,2
user_5353,2
user_5437,2
user_4786,2
user_4721,2
user_4885,2
user_5644,2
user_4995,2
user_5020,2
user_5023,2
user_5037,2
user_4906,2
user_4962,2
user_5015,2
user_3627,2
user_3674,2
user_3686,2
user_3741,2
user_3749,2
user_3894,2
user_3971,2
user_4122,2
user_3995,2
user_4132,2
user_4225,2
user_4296,2
user_4316,2
user_4250,2
user_2247,2
user_2244,2
user_2293,2
user_2317,2
user_2369,2
user_2380,2
user_2459,2
user_2589,2
user_2215,2
user_2371,2
user_2387,2
user_2479,2
user_2539,2
user_2377,2
user_2756,2
user_2759,2
user_2760,2
user_2782,2
user_2785,2
user_2805,2
user_2847,2
user_2848,2
user_2870,2
user_4342,2
user_4356,2
user_4403,2
user_4481,2
user_4544,2
user_4546,2
user_4416,2
user_4549,2
user_1757,2
user_1901,2
user_1806,2
user_7,2
user_31,2
user_130,2
user_145,2
user_185,2
user_236,2
user_248,2
user_503,2
user_243,2
user_1870,2
user_2064,2
user_2097,2
user_2160,2
user_2162,2
user_2181,2
user_433,2
user_370,2
user_628,2
user_601,2
user_889,2
user_2924,2
user_2991,2
user_908,2
user_1026,2
user_1122,2
user_1131,2
user_1159,2
user_3240,2
user_3336,2
user_1020,2
user_1166,2
user_1167,2
user_3249,2
user_3282,2
user_3305,2
user_3332,2
user_3111,2
user_1237,2
user_1168,2
user_1172,2
user_1239,2
user_1243,2
user_1263,2
user_3580,2
user_3581,2
user_3596,2
user_3621,2
user_3505,2
user_3582,2
user_1449,2
user_5495,2
user_4706,2
user_4940,2
user_5032,2
user_3732,2
user_3721,2
user_3743,2
user_3747,2
user_3826,2
user_4061,2
user_3790,2
user_3822,2
user_3853,2
user_3945,2
user_3961,2
user_4100,2
user_4110,2
user_4154,2
user_4193,2
user_4202,2
user_4206,2
user_4233,2
user_4278,2
user_4294,2
user_4255,2
user_2229,2
user_2251,2
user_2261,2
user_2367,2
user_2418,2
user_2519,2
user_2614,2
user_2657,2
user_2577,2
user_2769,2
user_2836,2
user_4390,2
user_4448,2
user_4501,2
user_4520,2
user_4598,2
user_1618,2
user_1858,2
user_1860,2
user_1890,2
user_164,2
user_223,2
user_282,2
user_271,2
user_1990,2
user_2060,2
user_2103,2
user_2114,2
user_2146,2
user_2149,2
user_477,2
user_312,2
user_581,2
user_622,2
user_644,2
user_708,2
user_736,2
user_765,2
user_801,2
user_2903,2
user_2906,2
user_2909,2
user_3013,2
user_3220,2
user_968,2
user_1016,2
user_1028,2
user_1080,2
user_3304,2
user_3324,2
user_3379,2
user_3459,2
user_3523,2
user_3539,2
user_1274,2
user_1304,2
user_5133,2
user_5153,2
user_5598,2
user_5298,2
user_5499,2
user_5701,2
user_4863,2
user_4973,2
user_5003,2
user_5025,2
user_5048,2
user_3639,2
user_3774,2
user_3759,2
user_3974,2
user_3862,2
user_3969,2
user_4109,2
user_4228,2
user_4268,2
user_4292,2
user_2506,2
user_2676,2
user_2425,2
user_2541,2
user_2559,2
user_2733,2
user_2737,2
user_2774,2
user_4616,2
user_4708,2
user_4631,2
user_1480,2
user_1496,2
user_1924,2
user_44,2
user_66,2
user_69,2
user_98,2
user_279,2
user_349,2
user_518,2
user_2154,2
user_685,2
user_701,2
user_2895,2
user_3099,2
user_2940,2
user_3043,2
user_3315,2
user_3325,2
user_832,2
user_1132,2
user_1152,2
user_1194,2
user_1089,2
user_3430,2
user_3491,2
user_1190,2
user_1299,2
user_1436,2
user_3629,2
user_3646,2
user_4158,2
user_4242,2
user_2289,2
user_2493,2
user_2582,2
user_2620,2
user_2336,2
user_2429,2
user_2463,2
user_2580,2
user_2604,2
user_2734,2
user_2741,2
user_2871,2
user_1705,2
user_1905,2
user_1920,2
user_318,2
user_412,2
user_2913,2
user_3075,2
user_3405,2
user_1005,2
user_1119,2
user_1327,2
user_1442,2
user_5112,2
user_5402,2
